{
	"IcoMoonType": "selection",
	"icons": [
		{
			"icon": {
				"paths": [
					"M384 640l128-64 448-448-64-64-448 448-64 128zM289.3 867.098c-31.632-66.728-65.666-100.762-132.396-132.394l99.096-272.792 128-77.912 384-384h-192l-384 384-192 640 640-192 384-384v-192l-384 384-77.912 128"
				],
				"attrs": [],
				"tags": [
					"pencil",
					"write",
					"edit",
					"blog",
					"note"
				],
				"grid": 16
			},
			"attrs": [],
			"properties": {
				"id": 6,
				"order": 1,
				"prevSize": 32,
				"code": 58880,
				"name": "pencil"
			},
			"setIdx": 0,
			"iconIdx": 6
		},
		{
			"icon": {
				"paths": [
					"M992.262 871.396l-242.552-206.294c-25.074-22.566-51.89-32.926-73.552-31.926 57.256-67.068 91.842-154.078 91.842-249.176 0-212.078-171.922-384-384-384-212.076 0-384 171.922-384 384 0 212.078 171.922 384 384 384 95.098 0 182.108-34.586 249.176-91.844-1 21.662 9.36 48.478 31.926 73.552l206.294 242.552c35.322 39.246 93.022 42.554 128.22 7.356s31.892-92.898-7.354-128.22zM384 640c-141.384 0-256-114.616-256-256s114.616-256 256-256 256 114.616 256 256-114.614 256-256 256z"
				],
				"attrs": [],
				"tags": [
					"search",
					"magnifier",
					"lookup",
					"find"
				],
				"grid": 16
			},
			"attrs": [],
			"properties": {
				"id": 127,
				"order": 2,
				"prevSize": 32,
				"code": 58881,
				"name": "search"
			},
			"setIdx": 0,
			"iconIdx": 127
		},
		{
			"icon": {
				"paths": [
					"M800 128h-576c-53.020 0-96 42.98-96 96v32h768v-32c0-53.020-42.98-96-96-96zM632.32 64l14.116 101h-268.872l14.114-101h240.642M640 0h-256c-26.4 0-50.99 21.392-54.642 47.538l-18.714 133.924c-3.654 26.146 14.956 47.538 41.356 47.538h320c26.4 0 45.010-21.392 41.358-47.538l-18.714-133.924c-3.654-26.146-28.244-47.538-54.644-47.538v0zM816 320h-608c-35.2 0-61.392 28.682-58.206 63.738l52.412 576.526c3.186 35.054 34.594 63.736 69.794 63.736h480c35.2 0 66.608-28.682 69.794-63.736l52.41-576.526c3.188-35.056-23.004-63.738-58.204-63.738zM384 896h-96l-32-448h128v448zM576 896h-128v-448h128v448zM736 896h-96v-448h128l-32 448z"
				],
				"attrs": [],
				"tags": [
					"remove",
					"delete",
					"trashcan",
					"recycle bin",
					"bin",
					"dispose"
				],
				"grid": 16
			},
			"attrs": [],
			"properties": {
				"id": 168,
				"order": 3,
				"prevSize": 32,
				"code": 58882,
				"name": "remove"
			},
			"setIdx": 0,
			"iconIdx": 168
		}
	],
	"height": 1024,
	"metadata": {
		"name": "icomoon"
	},
	"preferences": {
		"showGlyphs": true,
		"showQuickUse": true,
		"showQuickUse2": true,
		"showSVGs": true,
		"fontPref": {
			"prefix": "icon-",
			"metadata": {
				"fontFamily": "icomoon"
			},
			"metrics": {
				"emSize": 1024,
				"baseline": 6.25,
				"whitespace": 50
			}
		},
		"imagePref": {
			"prefix": "icon-",
			"png": true,
			"useClassSelector": true
		},
		"historySize": 100,
		"showCodes": true,
		"search": ""
	}
}